<?xml version="1.0" encoding="UTF-8" standalone="yes"?>
<configurationStore>
    <services>
        <attributes>
            <entry>
                <key>Filename</key>
                <value>config/add_rospec_r420_rec_port.llrp</value>
            </entry>
        </attributes>
        <factoryID>LLRP-ADD_ROSPEC-File</factoryID>
        <serviceID>LLRP_ADD_ROSPEC_File_1</serviceID>
    </services>
    <services>
        <attributes>
            <entry>
                <key>SerialPort</key>
                <value>/dev/ttyUSB0</value>
            </entry>
            <entry>
                <key>DisplayName</key>
                <value>Opticon</value>
            </entry>
        </attributes>
        <factoryID>Opticon</factoryID>
        <serviceID>Opticon_1</serviceID>
        <sessionDTOs>
            <ID>1</ID>
            <status>PROCESSING</status>
        </sessionDTOs>
    </services>
    <services>
        <attributes>
            <entry>
                <key>ReconnectionInterval</key>
                <value>500</value>
            </entry>
            <entry>
                <key>Port</key>
                <value>5084</value>
            </entry>
            <entry>
                <key>IpAddress</key>
                <value>192.168.1.121</value>
            </entry>
            <entry>
                <key>MaxNumConnectionAttempts</key>
                <value>-1</value>
            </entry>
            <entry>
                <key>DisplayName</key>
                <value>LLRP</value>
            </entry>
            <entry>
                <key>ReaderConfigPath</key>
                <value>config/set_reader_config.llrp</value>
            </entry>
        </attributes>
        <factoryID>LLRP</factoryID>
        <serviceID>LLRP_1</serviceID>
        <sessionDTOs>
            <commands>
                <commandID>LLRP_ADD_ROSPEC_File_1</commandID>
                <interval>0</interval>
                <processID>0</processID>
            </commands>
            <ID>1</ID>
            <status>PROCESSING</status>
        </sessionDTOs>
    </services>
</configurationStore>
