<beans xmlns="http://www.springframework.org/schema/beans"
	xmlns:amq="http://activemq.apache.org/schema/core" xmlns:xsi="http://www.w3.org/2001/XMLSchema-instance"
	xsi:schemaLocation="http://www.springframework.org/schema/beans 
	http://www.springframework.org/schema/beans/spring-beans-2.0.xsd
  http://activemq.apache.org/schema/core http://activemq.apache.org/schema/core/activemq-core.xsd">

	<broker brokerName="externalBroker" persistent="false" useJmx="true"
		xmlns="http://activemq.apache.org/schema/core">
		<transportConnectors>
			<transportConnector uri="tcp://127.0.0.1:1100" />
		</transportConnectors>
		<destinations>
			<topic physicalName="org.rifidi.edge.external.tags" />
			<topic physicalName="org.rifidi.edge.external.notifications" />
		</destinations>
	</broker>

</beans>